<?xml version="1.0" encoding="UTF-8"?>
<project version="4">
  <component name="AutoImportSettings">
    <option name="autoReloadType" value="SELECTIVE" />
  </component>
  <component name="ChangeListManager">
    <list default="true" id="8f557636-564b-4a22-b7e5-cbd5cae2deba" name="Default Changelist" comment="" />
    <option name="SHOW_DIALOG" value="false" />
    <option name="HIGHLIGHT_CONFLICTS" value="true" />
    <option name="HIGHLIGHT_NON_ACTIVE_CHANGELIST" value="false" />
    <option name="LAST_RESOLUTION" value="IGNORE" />
  </component>
  <component name="ExternalProjectsData">
    <projectState path="$PROJECT_DIR$">
      <ProjectState />
    </projectState>
  </component>
  <component name="ExternalProjectsManager">
    <system id="GRADLE">
      <state>
        <task path="$PROJECT_DIR$">
          <activation />
        </task>
        <task path="">
          <activation />
        </task>
        <task path="$PROJECT_DIR$/core">
          <activation />
        </task>
        <projects_view>
          <tree_state>
            <expand>
              <path>
                <item name="" type="6a2764b6:ExternalProjectsStructure$RootNode" />
                <item name="Source" type="f1a62948:ProjectNode" />
              </path>
              <path>
                <item name="" type="6a2764b6:ExternalProjectsStructure$RootNode" />
                <item name="Source" type="f1a62948:ProjectNode" />
                <item name="Run Configurations" type="7b0102dc:RunConfigurationsNode" />
              </path>
            </expand>
            <select />
          </tree_state>
        </projects_view>
      </state>
    </system>
  </component>
  <component name="FileTemplateManagerImpl">
    <option name="RECENT_TEMPLATES">
      <list>
        <option value="Interface" />
        <option value="JUnit5 Test Class" />
        <option value="Class" />
      </list>
    </option>
  </component>
  <component name="ProjectId" id="1pv58oARkCjNuzXpB6lYpvlBgOW" />
  <component name="ProjectViewState">
    <option name="hideEmptyMiddlePackages" value="true" />
    <option name="showLibraryContents" value="true" />
  </component>
  <component name="PropertiesComponent">
    <property name="Downloaded.Files.Path.Enabled" value="false" />
    <property name="Repository.Attach.Annotations" value="false" />
    <property name="Repository.Attach.JavaDocs" value="false" />
    <property name="Repository.Attach.Sources" value="false" />
    <property name="RunOnceActivity.OpenProjectViewOnStart" value="true" />
    <property name="com.intellij.testIntegration.createTest.CreateTestDialog.defaultLibrary" value="JUnit5" />
    <property name="com.intellij.testIntegration.createTest.CreateTestDialog.defaultLibrarySuperClass.JUnit5" value="" />
    <property name="create.test.in.the.same.root" value="true" />
    <property name="last_opened_file_path" value="$USER_HOME$/Desktop/Source" />
    <property name="project.structure.last.edited" value="Project" />
    <property name="project.structure.proportion" value="0.15" />
    <property name="project.structure.side.proportion" value="0.2" />
    <property name="restartRequiresConfirmation" value="false" />
    <property name="settings.editor.selected.configurable" value="reference.idesettings.debugger.capture" />
    <property name="show.unlinked.gradle.project.popup" value="true" />
  </component>
  <component name="RecentsManager">
    <key name="CreateTestDialog.RecentsKey">
      <recent name="com.deco2800.game.files" />
      <recent name="com.deco2800.game.components.tasks" />
      <recent name="com.deco2800.game.rendering" />
      <recent name="com.deco2800.game.utils" />
      <recent name="com.deco2800.game.concurrency" />
    </key>
    <key name="CopyClassDialog.RECENTS_KEY">
      <recent name="com.deco2800.game.events.listeners" />
      <recent name="com.deco2800.game.events" />
    </key>
    <key name="CopyFile.RECENT_KEYS">
      <recent name="C:\Coding\Repos\deco2800-engine\Source\core\assets" />
      <recent name="C:\Coding\Repos\deco2800-engine\Source\core\src\com\deco2800\game\physics" />
      <recent name="C:\Coding\Repos\deco2800-engine\Source\core\src\com\deco2800\game\rendering" />
      <recent name="C:\Coding\Repos\deco2800-engine\Source\core\src\com\deco2800\game" />
    </key>
    <key name="CreateTestDialog.Recents.Supers">
      <recent name="" />
    </key>
    <key name="MoveFile.RECENT_KEYS">
      <recent name="C:\Coding\Repos\deco2800-engine\Source\core\assets\flat-earth\skin\fonts" />
      <recent name="C:\Coding\Repos\deco2800-engine\Source\core\assets\flat-earth\skin" />
      <recent name="C:\Coding\Repos\deco2800-engine\Source\core\assets\flat-earth" />
      <recent name="C:\Coding\Repos\deco2800-engine\Source\core\assets" />
      <recent name="C:\Coding\Repos\deco2800-engine\Source\core" />
    </key>
  </component>
  <component name="RunManager" selected="Gradle.Generate Javadoc">
    <configuration name="Generate Javadoc" type="GradleRunConfiguration" factoryName="Gradle">
      <ExternalSystemSettings>
        <option name="executionName" />
        <option name="externalProjectPath" value="$PROJECT_DIR$/core" />
        <option name="externalSystemIdString" value="GRADLE" />
        <option name="scriptParameters" value="" />
        <option name="taskDescriptions">
          <list />
        </option>
        <option name="taskNames">
          <list>
            <option value="javadoc" />
          </list>
        </option>
        <option name="vmOptions" value="" />
      </ExternalSystemSettings>
      <GradleScriptDebugEnabled>true</GradleScriptDebugEnabled>
      <method v="2" />
    </configuration>
    <configuration name="Run Game" type="GradleRunConfiguration" factoryName="Gradle">
      <ExternalSystemSettings>
        <option name="executionName" />
        <option name="externalProjectPath" value="$PROJECT_DIR$/desktop" />
        <option name="externalSystemIdString" value="GRADLE" />
        <option name="scriptParameters" value="" />
        <option name="taskDescriptions">
          <list />
        </option>
        <option name="taskNames">
          <list>
            <option value="run" />
          </list>
        </option>
        <option name="vmOptions" value="" />
      </ExternalSystemSettings>
      <GradleScriptDebugEnabled>true</GradleScriptDebugEnabled>
      <method v="2" />
    </configuration>
    <configuration name="Run Tests" type="GradleRunConfiguration" factoryName="Gradle">
      <ExternalSystemSettings>
        <option name="executionName" />
        <option name="externalProjectPath" value="$PROJECT_DIR$" />
        <option name="externalSystemIdString" value="GRADLE" />
        <option name="scriptParameters" value="" />
        <option name="taskDescriptions">
          <list />
        </option>
        <option name="taskNames">
          <list>
            <option value="test" />
          </list>
        </option>
        <option name="vmOptions" value="" />
      </ExternalSystemSettings>
      <GradleScriptDebugEnabled>true</GradleScriptDebugEnabled>
      <method v="2" />
    </configuration>
    <list>
      <item itemvalue="Gradle.Run Tests" />
      <item itemvalue="Gradle.Run Game" />
      <item itemvalue="Gradle.Generate Javadoc" />
    </list>
  </component>
  <component name="SpellCheckerSettings" RuntimeDictionaries="0" Folders="0" CustomDictionaries="0" DefaultDictionary="application-level" UseSingleDictionary="true" transferred="true" />
  <component name="UnknownFeatures">
    <option featureType="com.intellij.fileTypeFactory" implementationName="*.atlas" />
  </component>
  <component name="WindowStateProjectService">
    <state x="470" y="150" key="#Project_Structure" timestamp="1616207245258">
      <screen x="0" y="0" width="2048" height="1112" />
    </state>
    <state x="470" y="150" key="#Project_Structure/-3840.0.2194.1205/0.0.2048.1112@0.0.2048.1112" timestamp="1616207245258" />
    <state x="-3288" y="250" key="#com.intellij.execution.impl.EditConfigurationsDialog" timestamp="1622424804087">
      <screen x="-3840" y="0" width="2194" height="1194" />
    </state>
    <state x="-3288" y="252" key="#com.intellij.execution.impl.EditConfigurationsDialog/-3840.0.2194.1205/0.0.2048.1112@-3840.0.2194.1205" timestamp="1617756123756" />
    <state x="-3288" y="250" key="#com.intellij.execution.impl.EditConfigurationsDialog/0.0.2048.1112/-3840.0.2194.1194@-3840.0.2194.1194" timestamp="1622424804087" />
    <state x="-2951" y="282" width="534" height="586" key="#com.intellij.ide.util.MemberChooser" timestamp="1620964393976">
      <screen x="-3840" y="0" width="2194" height="1194" />
    </state>
    <state x="-2951" y="285" key="#com.intellij.ide.util.MemberChooser/-3840.0.2194.1205/0.0.2048.1112@-3840.0.2194.1205" timestamp="1617711937061" />
    <state x="830" y="263" key="#com.intellij.ide.util.MemberChooser/-3840.0.2194.1205/0.0.2048.1112@0.0.2048.1112" timestamp="1616637015593" />
    <state x="-2951" y="282" key="#com.intellij.ide.util.MemberChooser/0.0.2048.1112/-3840.0.2194.1194@-3840.0.2194.1194" timestamp="1620964393976" />
    <state x="684" y="263" width="534" height="586" key="#com.intellij.ide.util.MemberChooser/0.0.2048.1112/-3840.0.2194.1194@0.0.2048.1112" timestamp="1620891776209" />
    <state x="755" y="332" key="#com.intellij.ide.util.PackageChooserDialog" timestamp="1616205411906">
      <screen x="0" y="0" width="2048" height="1112" />
    </state>
    <state x="755" y="332" key="#com.intellij.ide.util.PackageChooserDialog/-3840.0.2194.1205/0.0.2048.1112@0.0.2048.1112" timestamp="1616205411906" />
    <state x="681" y="481" key="#com.intellij.refactoring.move.MoveHandler.SelectRefactoringDialog" timestamp="1619049950338">
      <screen x="0" y="0" width="2048" height="1112" />
    </state>
    <state x="-3110" y="521" key="#com.intellij.refactoring.move.MoveHandler.SelectRefactoringDialog/-3840.0.2194.1205/0.0.2048.1112@-3840.0.2194.1205" timestamp="1617417030035" />
    <state x="681" y="481" key="#com.intellij.refactoring.move.MoveHandler.SelectRefactoringDialog/-3840.0.2194.1205/0.0.2048.1112@0.0.2048.1112" timestamp="1616206516424" />
    <state x="681" y="481" key="#com.intellij.refactoring.move.MoveHandler.SelectRefactoringDialog/0.0.2048.1112/-3840.0.2194.1194@0.0.2048.1112" timestamp="1619049950338" />
    <state x="-3181" y="0" key="#com.intellij.refactoring.rename.AutomaticRenamingDialog" timestamp="1616568910782">
      <screen x="-3840" y="0" width="2194" height="1205" />
    </state>
    <state x="-3181" y="0" key="#com.intellij.refactoring.rename.AutomaticRenamingDialog/-3840.0.2194.1205/0.0.2048.1112@-3840.0.2194.1205" timestamp="1616568910782" />
    <state x="755" y="303" key="#com.intellij.refactoring.safeDelete.UnsafeUsagesDialog" timestamp="1620889694436">
      <screen x="0" y="0" width="2048" height="1112" />
    </state>
    <state x="755" y="303" key="#com.intellij.refactoring.safeDelete.UnsafeUsagesDialog/-3840.0.2194.1205/0.0.2048.1112@0.0.2048.1112" timestamp="1616561134421" />
    <state x="755" y="303" key="#com.intellij.refactoring.safeDelete.UnsafeUsagesDialog/0.0.2048.1112/-3840.0.2194.1194@0.0.2048.1112" timestamp="1620889694436" />
    <state width="549" height="501" key="DebuggerActiveHint" timestamp="1620950707988">
      <screen x="-3840" y="0" width="2194" height="1194" />
    </state>
    <state width="438" height="505" key="DebuggerActiveHint/-3840.0.2194.1205/0.0.2048.1112@-3840.0.2194.1205" timestamp="1617764744773" />
    <state width="408" height="466" key="DebuggerActiveHint/-3840.0.2194.1205/0.0.2048.1112@0.0.2048.1112" timestamp="1616221914881" />
    <state width="549" height="501" key="DebuggerActiveHint/0.0.2048.1112/-3840.0.2194.1194@-3840.0.2194.1194" timestamp="1620950707988" />
    <state x="-2979" y="320" key="FileChooserDialogImpl" timestamp="1622422160207">
      <screen x="-3840" y="0" width="2194" height="1194" />
    </state>
    <state x="-2979" y="323" key="FileChooserDialogImpl/-3840.0.2194.1205/0.0.2048.1112@-3840.0.2194.1205" timestamp="1616714733511" />
    <state x="804" y="298" key="FileChooserDialogImpl/-3840.0.2194.1205/0.0.2048.1112@0.0.2048.1112" timestamp="1616207022682" />
    <state x="-2979" y="320" key="FileChooserDialogImpl/0.0.2048.1112/-3840.0.2194.1194@-3840.0.2194.1194" timestamp="1622422160207" />
    <state width="2136" height="191" key="GridCell.Tab.0.bottom" timestamp="1622423968300">
      <screen x="-3840" y="0" width="2194" height="1194" />
    </state>
    <state width="2151" height="408" key="GridCell.Tab.0.bottom/-3840.0.2194.1205/0.0.2048.1112@-3840.0.2194.1205" timestamp="1617779972669" />
    <state width="2005" height="156" key="GridCell.Tab.0.bottom/-3840.0.2194.1205/0.0.2048.1112@0.0.2048.1112" timestamp="1616910087537" />
    <state width="2136" height="191" key="GridCell.Tab.0.bottom/0.0.2048.1112/-3840.0.2194.1194@-3840.0.2194.1194" timestamp="1622423968300" />
    <state width="2005" height="178" key="GridCell.Tab.0.bottom/0.0.2048.1112/-3840.0.2194.1194@0.0.2048.1112" timestamp="1620907075643" />
    <state width="2136" height="191" key="GridCell.Tab.0.center" timestamp="1622423968300">
      <screen x="-3840" y="0" width="2194" height="1194" />
    </state>
    <state width="2151" height="408" key="GridCell.Tab.0.center/-3840.0.2194.1205/0.0.2048.1112@-3840.0.2194.1205" timestamp="1617779972669" />
    <state width="2005" height="156" key="GridCell.Tab.0.center/-3840.0.2194.1205/0.0.2048.1112@0.0.2048.1112" timestamp="1616910087537" />
    <state width="2136" height="191" key="GridCell.Tab.0.center/0.0.2048.1112/-3840.0.2194.1194@-3840.0.2194.1194" timestamp="1622423968300" />
    <state width="2005" height="178" key="GridCell.Tab.0.center/0.0.2048.1112/-3840.0.2194.1194@0.0.2048.1112" timestamp="1620907075643" />
    <state width="2136" height="191" key="GridCell.Tab.0.left" timestamp="1622423968300">
      <screen x="-3840" y="0" width="2194" height="1194" />
    </state>
    <state width="2151" height="408" key="GridCell.Tab.0.left/-3840.0.2194.1205/0.0.2048.1112@-3840.0.2194.1205" timestamp="1617779972669" />
    <state width="2005" height="156" key="GridCell.Tab.0.left/-3840.0.2194.1205/0.0.2048.1112@0.0.2048.1112" timestamp="1616910087537" />
    <state width="2136" height="191" key="GridCell.Tab.0.left/0.0.2048.1112/-3840.0.2194.1194@-3840.0.2194.1194" timestamp="1622423968300" />
    <state width="2005" height="178" key="GridCell.Tab.0.left/0.0.2048.1112/-3840.0.2194.1194@0.0.2048.1112" timestamp="1620907075643" />
    <state width="2136" height="191" key="GridCell.Tab.0.right" timestamp="1622423968300">
      <screen x="-3840" y="0" width="2194" height="1194" />
    </state>
    <state width="2151" height="408" key="GridCell.Tab.0.right/-3840.0.2194.1205/0.0.2048.1112@-3840.0.2194.1205" timestamp="1617779972669" />
    <state width="2005" height="156" key="GridCell.Tab.0.right/-3840.0.2194.1205/0.0.2048.1112@0.0.2048.1112" timestamp="1616910087537" />
    <state width="2136" height="191" key="GridCell.Tab.0.right/0.0.2048.1112/-3840.0.2194.1194@-3840.0.2194.1194" timestamp="1622423968300" />
    <state width="2005" height="178" key="GridCell.Tab.0.right/0.0.2048.1112/-3840.0.2194.1194@0.0.2048.1112" timestamp="1620907075643" />
    <state width="2136" height="235" key="GridCell.Tab.1.bottom" timestamp="1621733013647">
      <screen x="-3840" y="0" width="2194" height="1194" />
    </state>
    <state width="2151" height="408" key="GridCell.Tab.1.bottom/-3840.0.2194.1205/0.0.2048.1112@-3840.0.2194.1205" timestamp="1617779972669" />
    <state width="2005" height="376" key="GridCell.Tab.1.bottom/-3840.0.2194.1205/0.0.2048.1112@0.0.2048.1112" timestamp="1616564728060" />
    <state width="2136" height="235" key="GridCell.Tab.1.bottom/0.0.2048.1112/-3840.0.2194.1194@-3840.0.2194.1194" timestamp="1621733013647" />
    <state width="2005" height="218" key="GridCell.Tab.1.bottom/0.0.2048.1112/-3840.0.2194.1194@0.0.2048.1112" timestamp="1620907075640" />
    <state width="2136" height="235" key="GridCell.Tab.1.center" timestamp="1621733013647">
      <screen x="-3840" y="0" width="2194" height="1194" />
    </state>
    <state width="2151" height="408" key="GridCell.Tab.1.center/-3840.0.2194.1205/0.0.2048.1112@-3840.0.2194.1205" timestamp="1617779972669" />
    <state width="2005" height="376" key="GridCell.Tab.1.center/-3840.0.2194.1205/0.0.2048.1112@0.0.2048.1112" timestamp="1616564728060" />
    <state width="2136" height="235" key="GridCell.Tab.1.center/0.0.2048.1112/-3840.0.2194.1194@-3840.0.2194.1194" timestamp="1621733013647" />
    <state width="2005" height="218" key="GridCell.Tab.1.center/0.0.2048.1112/-3840.0.2194.1194@0.0.2048.1112" timestamp="1620907075640" />
    <state width="2136" height="235" key="GridCell.Tab.1.left" timestamp="1621733013647">
      <screen x="-3840" y="0" width="2194" height="1194" />
    </state>
    <state width="2151" height="408" key="GridCell.Tab.1.left/-3840.0.2194.1205/0.0.2048.1112@-3840.0.2194.1205" timestamp="1617779972669" />
    <state width="2005" height="376" key="GridCell.Tab.1.left/-3840.0.2194.1205/0.0.2048.1112@0.0.2048.1112" timestamp="1616564728060" />
    <state width="2136" height="235" key="GridCell.Tab.1.left/0.0.2048.1112/-3840.0.2194.1194@-3840.0.2194.1194" timestamp="1621733013647" />
    <state width="2005" height="218" key="GridCell.Tab.1.left/0.0.2048.1112/-3840.0.2194.1194@0.0.2048.1112" timestamp="1620907075640" />
    <state width="2136" height="235" key="GridCell.Tab.1.right" timestamp="1621733013647">
      <screen x="-3840" y="0" width="2194" height="1194" />
    </state>
    <state width="2151" height="408" key="GridCell.Tab.1.right/-3840.0.2194.1205/0.0.2048.1112@-3840.0.2194.1205" timestamp="1617779972669" />
    <state width="2005" height="376" key="GridCell.Tab.1.right/-3840.0.2194.1205/0.0.2048.1112@0.0.2048.1112" timestamp="1616564728060" />
    <state width="2136" height="235" key="GridCell.Tab.1.right/0.0.2048.1112/-3840.0.2194.1194@-3840.0.2194.1194" timestamp="1621733013647" />
    <state width="2005" height="218" key="GridCell.Tab.1.right/0.0.2048.1112/-3840.0.2194.1194@0.0.2048.1112" timestamp="1620907075640" />
    <state x="-3299" y="141" key="SettingsEditor" timestamp="1622423707111">
      <screen x="-3840" y="0" width="2194" height="1194" />
    </state>
    <state x="-3299" y="142" key="SettingsEditor/-3840.0.2194.1205/0.0.2048.1112@-3840.0.2194.1205" timestamp="1616884411790" />
    <state x="505" y="131" key="SettingsEditor/-3840.0.2194.1205/0.0.2048.1112@0.0.2048.1112" timestamp="1616323217020" />
    <state x="-3299" y="141" key="SettingsEditor/0.0.2048.1112/-3840.0.2194.1194@-3840.0.2194.1194" timestamp="1622423707111" />
    <state x="754" y="448" key="com.intellij.jarRepository.RepositoryAttachDialog-DOWNLOAD" timestamp="1616205398511">
      <screen x="0" y="0" width="2048" height="1112" />
    </state>
    <state x="754" y="448" key="com.intellij.jarRepository.RepositoryAttachDialog-DOWNLOAD/-3840.0.2194.1205/0.0.2048.1112@0.0.2048.1112" timestamp="1616205398511" />
    <state x="-2987" y="299" key="com.intellij.testIntegration.createTest.CreateTestDialog" timestamp="1621731492189">
      <screen x="-3840" y="0" width="2194" height="1194" />
    </state>
    <state x="-2987" y="302" key="com.intellij.testIntegration.createTest.CreateTestDialog/-3840.0.2194.1205/0.0.2048.1112@-3840.0.2194.1205" timestamp="1617765927160" />
    <state x="796" y="279" key="com.intellij.testIntegration.createTest.CreateTestDialog/-3840.0.2194.1205/0.0.2048.1112@0.0.2048.1112" timestamp="1616897143915" />
    <state x="-2987" y="299" key="com.intellij.testIntegration.createTest.CreateTestDialog/0.0.2048.1112/-3840.0.2194.1194@-3840.0.2194.1194" timestamp="1621731492189" />
    <state x="796" y="278" key="com.intellij.testIntegration.createTest.CreateTestDialog/0.0.2048.1112/-3840.0.2194.1194@0.0.2048.1112" timestamp="1619053784958" />
    <state x="-3564" y="0" width="933" height="1180" key="dock-window-1" timestamp="1617765019990">
      <screen x="-3840" y="0" width="2194" height="1205" />
    </state>
    <state x="-3564" y="0" width="933" height="1180" key="dock-window-1/-3840.0.2194.1205/0.0.2048.1112@-3840.0.2194.1205" timestamp="1617765019990" />
    <state x="949" y="105" width="1677" height="1098" key="dock-window-1/-3840.0.2194.1205/0.0.2048.1112@0.0.2048.1112" timestamp="1616209036107" />
    <state x="-3031" y="327" width="576" height="534" key="find.popup" timestamp="1621729503210">
      <screen x="-3840" y="0" width="2194" height="1194" />
    </state>
    <state x="-3031" y="330" width="576" height="534" key="find.popup/-3840.0.2194.1205/0.0.2048.1112@-3840.0.2194.1205" timestamp="1617754232006" />
    <state x="755" y="305" width="549" height="564" key="find.popup/-3840.0.2194.1205/0.0.2048.1112@0.0.2048.1112" timestamp="1616640932920" />
    <state x="-3031" y="327" width="576" height="534" key="find.popup/0.0.2048.1112/-3840.0.2194.1194@-3840.0.2194.1194" timestamp="1621729503210" />
    <state x="755" y="305" width="549" height="534" key="find.popup/0.0.2048.1112/-3840.0.2194.1194@0.0.2048.1112" timestamp="1620906757919" />
    <state x="976" y="170" key="new project wizard" timestamp="1616206962081">
      <screen x="0" y="0" width="2048" height="1112" />
    </state>
    <state x="976" y="170" key="new project wizard/-3840.0.2194.1205/0.0.2048.1112@0.0.2048.1112" timestamp="1616206962081" />
    <state x="-3086" y="279" key="run.anything.popup" timestamp="1618365557658">
      <screen x="-3840" y="0" width="2194" height="1194" />
    </state>
    <state x="-3086" y="279" key="run.anything.popup/0.0.2048.1112/-3840.0.2194.1194@-3840.0.2194.1194" timestamp="1618365557658" />
    <state x="-3080" y="262" width="672" height="672" key="search.everywhere.popup" timestamp="1622421622541">
      <screen x="-3840" y="0" width="2194" height="1194" />
    </state>
    <state x="-3080" y="264" width="672" height="678" key="search.everywhere.popup/-3840.0.2194.1205/0.0.2048.1112@-3840.0.2194.1205" timestamp="1617766098701" />
    <state x="709" y="244" width="672" height="626" key="search.everywhere.popup/-3840.0.2194.1205/0.0.2048.1112@0.0.2048.1112" timestamp="1616637833076" />
    <state x="-3080" y="262" width="672" height="672" key="search.everywhere.popup/0.0.2048.1112/-3840.0.2194.1194@-3840.0.2194.1194" timestamp="1622421622541" />
    <state x="709" y="244" width="672" height="626" key="search.everywhere.popup/0.0.2048.1112/-3840.0.2194.1194@0.0.2048.1112" timestamp="1620906851138" />
  </component>
  <component name="XDebuggerManager">
    <breakpoint-manager>
      <breakpoints>
        <line-breakpoint enabled="true" type="java-line">
          <url>file://$PROJECT_DIR$/core/src/test/com/deco2800/game/physics/PhysicsTestUtils.java</url>
          <line>15</line>
          <option name="timeStamp" value="2" />
        </line-breakpoint>
      </breakpoints>
    </breakpoint-manager>
    <watches-manager>
      <configuration name="Remote">
        <watch expression="entity.getPosition()" language="JAVA" />
        <watch expression="Gdx.files" language="JAVA" />
      </configuration>
    </watches-manager>
  </component>
</project>